Cohort,NT,OR,LOR,QOR,YOR,NT_single,Agg_LR,Normalized_Agg_LR,LRH,Normalized_LRH,LRL,Normalized_LRL
1930,0.9076144834930777,27.012820512820515,3.296311587114597,0.928604118993135,0.6772832897033344,0.6916210184621627,1.0513111128481243,0.5125069065649632,6.617669267556003,0.8687262514455641,1.0257732613528103,0.5063613391104784
1940,0.8535496957403651,13.622456456794994,2.611719641051949,0.8632240755231924,0.5736390587330242,0.5784987627165246,1.121006112042036,0.5285256396374868,3.740104007341695,0.7890341649779935,1.0618691623384822,0.5150031736903017
1950,0.7860287081339713,11.265890150994252,2.421779589936281,0.8369461999594148,0.5409127002941999,0.4824953007518797,1.385622609480043,0.5808222155398023,2.1151002300361483,0.6789830419073238,1.2331199306119118,0.5521960167513335
1960,0.7979123173277661,13.242829116926746,2.583456207208833,0.8595784598985942,0.5688790900229462,0.5014431907635791,1.4554450817201101,0.5927418587185542,2.0509651030705425,0.6722348613579411,1.2907143709672313,0.5634549585604773
1970,0.7734016725114647,12.095361652854484,2.4928220446364175,0.8472741682881246,0.5533559474167555,0.47506213753106874,1.5253442834657105,0.6040143886331298,1.710083137013896,0.6310076298611822,1.4168852808158254,0.5862443253150817
1980,0.7570904237570905,10.649191003023356,2.365483927112732,0.8283142580904603,0.5308809157953294,0.4747358510304425,1.5190038744668282,0.603017680863369,1.4742386803725087,0.5958352733175099,1.5731010653727227,0.6113638856019258
